num0,num1,num2,num3,num4
29,1,3,35,8
6,23,32,49,48
12,41,47,46,6
11,22,15,12,21
43,35,6,31,36
46,27,42,23,8
15,37,4,20,6
46,25,47,2,35
6,43,29,13,27
2,12,38,15,10
36,45,9,24,17
32,19,34,26,27
44,18,28,49,30
24,46,9,2,13
5,7,28,23,2
46,36,45,15,19
45,33,47,15,23
40,24,19,1,28
1,8,48,38,3
28,23,34,44,14
14,44,34,25,4
15,2,1,41,30
24,8,9,40,31
40,6,38,23,32
45,7,38,4,26
34,25,45,44,4
33,28,48,44,26
45,30,4,2,23
43,28,33,37,29
12,2,25,35,7
35,16,38,46,25
38,49,20,16,40
31,16,27,24,46
17,44,7,40,39
19,40,32,13,46
17,20,48,16,34
32,23,39,35,14
20,40,31,7,23
8,7,35,36,26
12,39,26,14,29
29,49,35,18,39
25,6,32,7,4
3,12,22,9,37
5,7,44,15,33
12,17,1,20,3
40,10,38,26,45
4,49,20,7,21
25,3,8,49,24
20,35,30,3,29
5,1,35,27,40
35,24,44,38,32
9,39,10,15,45
5,10,28,34,22
32,39,22,11,34
39,42,36,27,22
39,46,2,9,44
21,38,17,1,46
16,5,14,29,17
34,4,48,42,22
17,38,37,11,39
15,35,11,28,9
41,22,3,37,40
37,28,23,38,6
45,10,5,40,32
38,1,4,23,30
14,21,24,2,38
13,43,31,47,46
26,42,13,7,24
15,47,39,25,41
29,21,31,47,17
18,29,49,37,5
3,33,4,49,14
30,48,7,31,46
10,5,49,47,1
37,24,34,9,8
43,16,10,25,44
18,20,4,12,26
32,20,22,46,34
16,47,43,24,26
34,31,36,24,37
2,47,40,31,49
17,40,10,27,23
27,47,23,48,14
31,1,12,32,28
11,37,44,13,21
44,45,46,43,31
7,28,4,11,10
38,33,39,27,26
20,5,22,23,18
9,23,17,42,6
33,4,35,22,2
22,12,38,13,14
20,27,21,26,7
37,30,24,27,45
30,26,48,41,47
1,12,41,7,21
14,23,22,45,36
21,33,4,14,32
4,44,29,32,24
23,45,7,2,46
6,33,7,9,15
23,37,38,7,15
37,30,17,12,41
46,20,13,47,8
6,27,5,21,47
8,13,1,43,31
31,36,42,23,8
44,20,11,9,42
45,46,4,13,33
10,39,33,9,47
4,41,30,27,21
36,29,44,46,35
32,3,22,18,17
3,15,13,29,40
6,20,48,12,38
23,22,33,36,10
15,6,11,28,24
12,34,16,26,10
16,48,21,5,26
40,10,37,34,12
20,2,29,39,18
10,26,46,35,5
44,38,33,49,41
1,49,12,39,24
11,5,32,49,9
16,47,33,21,5
32,8,21,41,25
8,27,29,15,41
37,26,36,14,1
46,4,3,43,22
43,9,21,36,27
29,39,28,22,30
33,15,6,12,14
2,6,10,32,17
32,24,49,39,40
22,24,41,21,32
26,13,29,15,20
45,22,28,40,37
44,48,31,46,21
37,15,18,31,46
48,31,24,11,38
11,37,49,28,40
25,32,31,36,10
42,29,25,46,8
14,16,33,38,45
15,38,7,4,40
26,3,39,17,30
44,27,41,8,43
4,27,5,15,22
19,10,30,13,47
23,20,1,26,44
14,43,34,41,35
22,42,43,17,25
17,45,30,32,6
33,36,34,38,22
30,36,14,6,39
21,18,33,49,48
32,20,6,12,14
6,25,48,21,37
41,20,46,11,24
22,23,12,47,25
10,46,2,31,38
34,47,11,37,38
23,38,36,18,19
16,45,34,42,26
28,26,1,30,16
29,16,36,7,15
23,18,34,5,44
26,18,3,49,46
30,26,35,44,31
25,28,46,12,27
14,34,39,24,47
19,12,8,41,16
44,9,18,17,42
37,40,36,4,43
34,7,8,41,42
39,13,12,31,26
31,12,9,40,41
44,32,11,48,7
19,2,18,22,4
7,39,31,38,42
47,27,26,43,1
46,11,43,12,30
41,16,44,27,15
31,48,43,37,3
6,36,35,10,48
26,35,16,22,42
41,27,36,35,9
23,15,46,5,37
21,20,19,43,49
26,7,1,9,28
22,29,19,15,34
44,34,20,8,41
44,15,5,19,7
6,46,35,20,8
6,39,28,13,33
12,26,31,40,37
20,35,49,18,16
5,40,13,14,9
12,10,45,15,31
39,38,21,2,9
48,22,4,30,27
4,30,24,21,40
5,3,49,33,15
7,34,27,12,15
3,31,36,13,40
41,49,30,45,35
49,27,32,24,17
32,34,18,44,3
48,43,46,11,8
19,9,29,26,3
13,22,31,11,21
46,8,2,19,29
4,7,12,24,25
22,27,13,10,49
4,28,42,49,35
43,13,21,5,6
37,43,45,28,38
7,24,36,6,47
21,36,22,20,44
24,44,46,42,7
22,6,46,7,17
1,28,3,29,8
42,5,34,21,37
24,40,5,31,22
27,25,6,37,32
3,28,15,4,2
31,8,47,11,17
36,18,38,31,29
38,31,8,37,30
43,3,38,42,46
37,18,8,44,46
43,36,3,32,45
33,48,13,2,19
8,44,6,48,31
4,28,48,8,15
37,24,38,13,45
1,16,6,3,40
44,21,25,18,47
3,44,46,27,14
22,23,35,46,3
40,12,47,21,19
9,2,5,29,10
16,33,41,2,24
6,28,34,7,11
45,16,6,37,25
33,34,25,3,26
25,3,13,32,47
32,4,36,44,9
20,1,22,5,42
11,44,47,29,7
9,2,45,19,7
28,17,41,3,23
23,42,3,17,47
7,31,29,24,47
19,11,22,36,9
44,12,13,17,27
41,35,40,6,24
36,48,46,41,8
44,8,11,48,37
27,25,5,34,38
4,15,10,49,12
2,34,41,32,8
41,12,26,42,36
45,31,6,49,39
49,17,36,44,27
38,37,17,34,30
27,25,20,23,47
43,14,26,7,11
9,35,15,8,4
35,19,9,16,43
32,22,2,12,15
17,1,38,2,45
2,27,24,35,22
41,28,18,13,38
16,11,18,8,10
22,38,28,37,9
15,6,34,39,24
42,18,14,4,27
45,18,46,3,30
29,38,33,15,41
47,22,19,4,10
26,42,33,20,34
24,8,38,19,40
11,22,3,13,30
38,8,41,49,19
4,14,21,47,8
4,29,42,43,11
47,18,41,10,19
3,37,26,15,24
21,36,19,39,49
34,31,35,41,29
13,22,17,6,12
13,17,31,28,9
44,13,29,15,33
19,10,9,29,5
44,42,15,9,47
17,31,26,37,21
1,18,45,17,21
17,5,33,9,37
27,44,25,23,6
13,31,49,7,3
1,19,13,24,48
21,11,22,40,32
5,43,10,48,25
44,20,14,22,36
32,42,30,17,41
33,46,8,17,1
49,12,27,11,7
41,21,32,47,11
31,39,30,49,19
5,27,7,24,41
36,20,13,31,38
41,34,42,22,1
31,3,40,35,2
5,3,39,31,38
10,31,36,37,44
30,29,49,23,10
21,6,41,17,16
47,48,13,34,2
14,31,9,45,23
47,17,48,39,24
45,27,48,4,38
34,20,14,35,9
23,14,40,46,27
28,9,26,29,18
9,25,2,47,35
1,26,14,31,10
15,20,12,6,1
49,17,44,5,46
28,11,14,43,41
7,47,16,33,42
40,26,17,24,43
15,17,10,37,16
26,18,41,38,5
45,5,48,42,30
29,10,16,14,9
42,43,38,33,31
22,35,9,28,13
25,43,30,2,19
33,7,8,12,22
8,25,4,12,45
35,48,33,21,15
7,35,48,28,25
28,23,24,9,20
19,42,32,26,39
18,7,21,42,11
48,26,31,47,42
17,30,6,49,19
6,22,19,5,9
31,36,9,33,18
26,24,49,32,2
33,22,44,6,35
4,31,49,8,39
11,5,25,23,33
46,41,38,19,16
33,42,27,46,32
28,19,49,23,17
23,49,5,13,32
16,46,12,21,24
24,48,20,29,45
37,35,31,44,14
22,15,19,24,46
14,23,21,47,3
7,16,17,4,11
23,15,38,21,39
13,45,4,40,31
28,18,22,37,19
7,11,5,32,33
35,11,13,4,34
6,1,39,48,40
5,41,3,42,15
17,47,30,3,44
28,38,2,1,11
35,42,49,4,6
46,32,22,15,17
43,48,42,23,30
17,18,25,38,9
47,46,7,19,39
19,24,45,15,25
18,10,6,15,48
4,28,38,20,18
8,42,22,28,26
11,42,22,34,43
6,12,4,35,44
24,3,35,46,2
32,6,35,28,40
30,48,37,9,26
2,11,42,30,35
23,13,27,44,36
44,47,5,13,14
21,29,20,47,46
1,39,2,6,27
36,8,31,34,17
9,36,5,21,39
8,24,33,38,14
26,13,10,20,46
22,49,26,2,47
25,32,6,5,28
47,36,20,11,9
8,22,26,46,2
14,7,43,44,29
12,13,26,44,16
24,26,2,36,32
5,14,42,44,16
29,6,12,44,31
9,26,30,42,36
22,28,3,23,29
45,14,39,20,47
20,30,35,14,10
26,27,41,46,19
43,4,17,38,49
34,5,33,3,17
48,39,29,47,35
48,36,14,15,10
39,8,9,33,15
43,22,12,30,9
25,29,47,5,7
41,11,19,29,14
49,6,24,13,10
28,30,43,40,41
37,5,9,7,41
45,1,33,47,27
16,1,31,48,3
42,1,19,23,17
8,43,1,48,41
16,9,19,26,6
23,29,18,35,7
40,2,35,39,42
41,48,42,28,3
21,37,12,17,23
35,23,26,32,22
40,45,24,32,34
28,49,5,48,21
16,37,8,7,42
48,10,46,28,29
44,16,4,40,23
28,41,38,31,43
38,45,5,14,46
26,41,5,33,42
5,35,37,4,24
10,17,33,30,49
42,26,21,39,40
37,24,19,10,5
20,6,30,32,45
20,15,27,9,47
4,39,26,5,24
40,16,21,41,46
44,39,7,41,19
48,4,25,5,45
47,38,17,30,43
15,49,37,25,38
47,31,12,45,7
30,21,6,11,29
49,20,7,31,33
36,25,22,21,16
31,30,6,14,45
27,12,10,7,41
36,17,30,7,11
25,28,42,26,12
13,38,31,30,26
12,1,33,13,2
35,19,8,22,46
16,11,25,32,14
48,14,2,23,13
17,44,29,16,37
49,10,19,26,30
22,9,43,31,34
11,7,32,24,4
12,38,34,32,48
24,48,49,18,8
36,40,45,24,15
37,36,32,20,7
48,23,27,19,22
23,6,17,5,7
38,26,39,35,10
3,48,17,4,38
25,33,48,1,40
1,34,15,24,25
40,29,44,38,10
8,30,26,35,40
39,28,14,11,42
7,25,17,48,16
44,2,15,29,18
44,41,35,33,38
4,27,28,9,22
22,23,7,30,37
31,44,6,15,12
10,49,30,12,29
22,13,10,35,19
28,14,27,13,25
26,24,6,18,29
43,27,23,44,42
16,9,42,1,39
41,1,18,16,13
46,13,48,2,22
46,17,36,35,18
11,30,44,13,20
49,44,31,33,40
13,42,40,48,3
36,23,24,31,32
19,30,5,18,35
16,48,18,24,6
27,16,12,37,10
14,39,17,44,36
19,4,2,35,11
30,2,38,16,31
33,37,32,35,49
43,2,33,23,47
18,15,12,19,40
7,1,26,22,15
36,20,42,34,29
15,42,41,44,8
16,6,36,5,3
42,35,31,32,13
28,23,18,26,19
35,19,6,27,14
42,2,44,28,5
16,12,27,30,2
25,2,4,7,35
6,2,44,33,21
47,21,25,19,38
14,25,47,7,42
4,21,46,27,47
23,31,15,38,17
17,3,38,1,25
14,31,7,28,2
1,21,28,8,37
45,17,27,48,34
31,30,9,20,34
37,4,12,9,18
26,28,36,29,5
5,45,22,26,33
10,4,5,23,7
32,18,8,36,30
6,29,3,47,21
25,28,39,47,31
39,25,10,32,40
28,37,44,11,7
21,17,29,35,18
26,4,27,47,28
10,1,19,13,3
27,18,49,37,48
7,21,29,35,47
26,11,38,20,33
13,6,2,27,12
39,38,8,31,45
38,23,41,3,17
46,42,1,4,3
4,47,43,30,7
33,16,1,32,45
13,20,10,25,27
45,46,4,36,18
20,49,31,12,13
2,13,20,30,37
25,31,45,38,3
9,24,18,49,39
14,41,9,10,45
28,47,26,38,17
42,12,9,41,33
35,26,13,45,20
36,48,14,13,6
33,13,28,18,42
42,47,2,13,43
1,48,27,49,37
32,14,43,29,41
19,4,10,42,46
38,44,46,27,42
15,24,37,40,41
24,44,34,19,45
2,16,4,20,35
23,38,5,24,35
38,18,3,24,29
26,48,25,16,34
33,43,39,6,29
27,17,26,25,33
3,11,35,13,15
39,7,21,29,5
4,30,15,49,45
29,17,34,48,8
32,44,40,17,38
17,9,1,24,46
22,23,14,42,16
24,9,26,15,13
19,26,13,27,24
16,38,18,45,10
32,14,35,46,11
15,44,41,3,2
49,45,25,10,19
46,47,23,22,24
12,1,40,28,26
13,3,21,2,40
38,23,45,24,44
33,19,1,31,22
29,5,20,8,32
25,24,16,6,5
32,47,43,35,15
14,23,15,44,46
4,15,11,36,33
46,42,38,25,16
14,1,34,19,4
7,44,37,48,38
3,45,13,4,44
25,29,8,34,15
18,9,11,33,7
8,7,25,11,46
43,41,29,14,7
43,15,13,48,25
47,40,45,42,3
4,15,21,26,22
40,12,37,24,42
32,27,5,7,35
20,47,15,11,30
37,15,30,6,47
30,14,12,16,42
25,17,41,24,38
17,26,30,47,20
37,10,39,16,34
15,11,10,1,31
35,33,44,1,11
19,24,11,34,25
6,19,46,21,15
1,19,12,31,7
48,18,40,7,6
36,12,29,2,26
43,24,34,27,14
26,30,42,38,12
45,9,5,24,11
10,22,34,43,46
44,46,31,11,22
21,3,25,10,11
2,9,25,35,30
38,1,3,32,30
39,21,45,12,44
8,34,16,13,37
25,38,11,29,14
6,19,41,17,18
1,15,9,19,39
15,6,3,23,39
3,38,30,10,15
36,30,34,14,21
15,11,5,22,10
22,45,20,21,23
33,46,21,20,28
42,20,27,22,12
36,41,15,49,48
13,14,37,21,15
20,43,18,44,30
33,27,3,20,6
9,11,39,29,32
6,29,8,9,39
34,14,2,28,38
9,42,24,43,22
26,21,36,29,35
28,45,34,36,9
10,4,29,19,47
7,17,31,12,48
33,13,7,2,41
8,14,25,19,49
1,36,45,4,22
5,24,38,29,4
46,1,4,23,24
49,39,8,48,1
31,24,11,20,32
6,1,40,7,2
31,7,15,10,17
40,18,15,36,10
12,30,17,8,6
14,37,39,18,38
15,42,4,27,25
43,42,8,15,26
11,26,1,46,13
11,33,24,35,4
27,20,19,46,38
6,19,22,34,20
7,39,34,6,15
18,2,15,1,41
32,35,11,41,42
17,45,19,40,31
40,17,24,18,10
29,6,15,44,16
16,42,12,6,40
15,48,42,18,40
33,37,31,16,49
40,21,47,27,6
10,19,21,2,40
41,27,44,46,14
5,19,29,15,24
30,4,37,32,23
41,23,9,32,38
47,15,45,35,17
33,7,13,41,43
7,23,13,18,21
35,27,22,20,30
7,20,41,40,11
44,18,9,28,1
18,26,27,43,35
36,31,9,16,3
47,37,45,3,20
11,46,1,22,42
9,21,19,36,40
41,3,34,11,10
41,23,16,20,45
48,38,36,45,16
5,36,23,29,45
26,11,9,41,8
14,9,21,13,32
41,32,49,10,36
43,33,8,30,6
34,2,7,13,44
35,17,8,43,19
20,48,15,29,49
44,41,49,25,14
7,16,5,9,12
43,5,33,6,47
8,38,48,16,35
18,13,31,7,35
4,44,41,36,33
35,10,25,21,23
26,24,2,43,3
14,29,3,36,25
20,4,46,16,5
5,47,30,45,12
44,37,7,23,41
40,33,23,1,5
6,23,9,47,5
10,23,35,34,5
43,13,10,23,46
9,30,47,41,15
8,1,14,10,21
43,48,49,36,7
36,14,40,31,47
21,23,5,10,36
2,33,20,29,32
26,20,2,11,39
18,11,38,17,46
16,25,6,21,26
24,5,49,36,1
40,46,32,17,1
1,32,20,28,42
26,34,10,45,7
19,40,22,45,36
28,34,18,13,14
42,2,41,18,31
43,39,15,5,45
27,17,37,10,4
31,11,44,35,26
31,45,21,30,29
20,15,27,46,24
48,43,36,30,13
36,46,13,4,3
27,7,10,38,13
5,47,23,21,18
13,6,18,36,37
44,38,25,17,41
3,4,8,2,31
42,5,49,31,28
13,34,39,42,37
12,6,9,31,43
12,41,2,28,16
32,9,8,29,28
49,48,14,22,38
13,3,44,19,5
27,35,48,3,32
19,31,2,40,42
44,13,17,48,33
7,29,1,30,45
22,9,23,38,13
29,26,16,4,49
11,32,27,36,21
45,10,9,34,39
9,37,35,23,28
31,11,16,1,14
44,32,27,38,46
16,25,40,49,4
15,28,22,2,5
48,35,20,31,36
7,49,18,9,16
8,44,37,43,45
45,40,17,6,31
34,44,27,23,4
7,43,10,9,14
40,28,35,13,12
22,6,48,7,14
3,31,6,10,29
4,6,44,8,48
6,11,13,24,10
11,39,48,10,29
48,20,15,9,49
17,49,24,43,28
47,34,26,43,29
48,49,10,46,23
27,12,38,7,30
43,32,15,23,41
24,45,39,33,35
8,20,3,12,13
36,5,6,39,46
43,1,48,2,47
30,1,10,2,39
6,30,40,43,35
13,9,17,37,48
12,10,16,35,14
30,29,24,3,43
40,47,48,1,36
37,41,13,26,2
30,45,49,27,48
23,7,38,35,6
18,8,26,9,32
32,42,12,44,34
22,12,47,5,29
9,3,19,41,43
12,21,47,44,25
2,42,6,20,21
5,13,25,12,24
39,48,30,5,32
18,20,38,43,47
44,48,6,29,15
47,30,6,15,3
41,44,8,37,46
45,34,20,30,1
1,11,28,12,20
16,44,3,38,27
13,10,16,42,35
37,16,17,33,34
15,33,22,19,37
37,6,4,17,22
12,25,37,29,34
37,46,4,18,16
18,45,4,25,33
23,42,48,45,12
44,13,19,15,39
49,46,28,19,39
33,6,27,1,35
10,14,1,40,18
29,26,7,12,47
6,8,20,24,42
10,40,35,32,38
32,23,16,1,4
8,36,43,27,14
39,8,40,21,7
31,29,25,19,41
13,15,39,2,9
13,36,41,15,5
32,38,36,31,49
38,24,42,21,14
3,25,30,13,37
34,30,9,12,32
45,37,47,25,31
24,41,45,23,10
13,44,35,3,25
14,11,38,21,35
40,30,16,5,28
16,26,6,8,9
40,41,5,33,16
34,37,24,48,29
3,16,31,43,18
23,43,17,21,18
9,30,46,43,31
18,29,17,34,8
48,8,10,28,2
26,47,16,33,21
48,30,37,29,9
1,49,5,29,38
48,27,23,35,24
12,22,34,18,39
25,43,18,47,40
26,25,40,14,39
44,43,49,41,31
5,29,4,7,27
49,34,37,36,8
22,43,36,40,21
49,12,17,41,21
23,45,36,34,44
1,36,9,41,27
40,43,39,41,1
9,8,28,40,17
17,22,18,8,30
27,21,22,7,31
33,31,28,34,42
25,44,6,30,22
22,13,1,27,5
16,13,9,28,47
30,22,20,43,12
33,7,47,22,43
27,41,34,6,45
20,15,27,46,6
18,46,37,16,35
48,37,46,44,34
27,6,8,14,16
7,42,28,45,41
17,21,31,1,46
47,39,38,41,48
8,36,46,4,33
28,29,41,40,49
48,18,3,28,40
11,3,20,14,1
17,44,18,45,29
10,40,42,20,6
34,16,44,3,9
46,2,44,9,25
35,14,10,26,25
2,49,9,38,18
2,5,8,43,49
43,25,28,2,11
42,39,28,13,40
33,18,1,30,6
25,5,46,36,31
16,21,34,48,24
1,39,31,13,42
40,16,46,42,47
26,10,6,41,3
28,14,37,32,4
33,31,16,46,20
3,37,16,17,47
40,32,43,11,48
17,25,22,35,43
20,29,43,41,15
32,23,49,1,3
8,16,21,14,24
5,16,39,44,18
37,17,29,15,1
17,33,37,40,19
19,31,33,40,30
32,22,1,35,37
45,24,17,46,9
4,22,40,23,32
6,5,10,2,26
10,19,20,28,4
15,5,17,49,31
40,36,32,8,31
48,29,34,5,47
35,32,14,37,26
19,18,44,37,16
30,13,28,22,19
21,16,6,42,2
33,46,24,21,22
17,36,16,26,38
31,38,11,19,40
45,49,43,33,4
34,35,16,39,15
3,16,27,29,37
22,48,7,20,35
25,42,17,39,22
17,40,41,26,3
13,5,16,32,2
10,9,44,14,46
12,14,11,6,36
41,43,27,24,28
5,44,7,2,45
29,30,23,6,26
11,13,38,4,44
9,33,31,3,40
41,45,20,10,38
9,21,44,6,11
47,7,25,2,12
7,18,12,45,3
34,48,41,46,36
37,48,1,26,24
41,6,14,16,26
29,11,19,16,2
3,22,47,14,8
1,46,21,6,31
16,42,21,6,34
26,1,49,7,14
11,35,16,29,41
21,36,44,26,14
1,46,20,40,35
18,29,36,17,23
29,41,3,43,35
32,28,29,26,38
8,31,48,39,22
47,30,41,32,39
2,19,34,47,23
18,19,3,48,9
5,26,28,46,35
18,28,15,2,43
46,43,7,22,8
13,42,8,16,23
44,46,29,42,45
4,23,26,19,27
33,32,31,41,43
30,15,40,13,20
41,37,20,18,45
12,3,4,34,25
29,18,37,7,47
6,5,11,13,22
46,38,29,31,19
26,34,38,13,42
43,48,7,42,30
36,24,45,49,47
12,26,19,47,10
44,36,49,25,48
45,21,2,31,23
3,4,34,41,42
21,44,42,12,34
35,10,28,43,15
12,21,35,24,40
16,31,25,27,26
33,1,9,6,46
49,30,19,17,7
1,26,2,36,3
44,12,7,25,31
18,27,39,44,24
45,29,36,42,24
30,9,22,46,23
34,7,44,19,8
3,29,46,5,1
2,27,33,21,15
32,1,13,29,46
29,25,2,39,20
45,21,46,48,11
30,28,47,34,7
36,35,2,25,27
46,15,6,39,3
26,38,47,13,16
12,10,25,22,47
8,24,31,17,16
17,22,9,14,48
22,23,8,41,24
16,20,19,35,49
4,27,10,36,5
38,4,45,13,43
18,33,10,20,39
34,2,8,5,33
28,36,5,21,8
7,17,22,46,44
45,6,8,49,33
23,32,48,47,25
39,2,16,19,25
27,35,26,44,22
6,38,7,13,40
19,3,1,14,13
20,12,36,21,4
41,48,22,26,7
41,26,23,12,48
22,1,40,38,49
36,38,31,6,16
42,28,30,1,27
31,44,29,19,15
24,29,4,11,14
35,33,42,20,14
15,7,42,8,24
47,36,43,48,26
49,29,2,30,36
9,36,25,45,44
39,19,13,18,22
26,15,22,2,17
12,15,36,41,13
47,29,24,38,26
33,25,36,39,40
31,49,34,2,4
34,29,4,26,25
42,49,39,14,16
21,19,28,24,44
36,7,48,11,8
29,34,18,22,19
43,20,46,35,23
26,2,28,4,15
14,3,20,17,1
14,19,17,8,5
3,34,42,37,10
49,13,4,36,18
43,18,11,7,9
19,39,27,14,36
27,17,9,25,46
40,22,20,19,41
11,6,49,41,12
34,5,14,49,23
40,48,44,20,34
13,3,1,24,45
11,47,13,10,28
20,18,44,1,49
23,2,5,48,26
9,33,34,41,20
29,17,40,34,2
37,21,38,4,10
38,30,27,41,10
44,46,1,27,48
30,1,28,39,11
44,25,2,41,28
5,44,24,28,25
18,36,13,40,48
1,3,31,11,49
31,44,48,37,32
12,4,38,10,41
42,3,15,41,33
34,21,9,42,31
2,5,3,10,1
17,45,26,27,13
30,11,35,33,3
41,29,19,43,14
22,39,4,49,45
49,22,14,5,2
34,43,23,15,40
19,44,37,46,10
16,2,34,25,1
10,12,7,20,45
15,21,20,38,43
13,17,28,46,42
11,19,33,41,7
4,25,42,39,38
46,41,24,35,22
31,49,7,20,11
13,40,2,34,15
6,34,12,49,10
22,28,42,37,14
9,26,47,20,27
39,9,3,45,10
27,19,5,35,40
30,19,37,12,46
24,18,22,41,7
47,12,14,37,20
43,24,12,18,16
25,23,5,1,47
28,47,40,12,42
34,29,47,10,37
17,1,6,13,15
25,32,8,37,39
7,32,4,23,28
32,11,8,21,15
21,32,8,48,7
33,36,48,43,34
49,2,17,30,5
17,19,23,4,49
7,12,39,29,11
25,35,22,26,31
36,33,31,48,47
22,33,14,46,9
38,20,33,6,35
1,16,49,3,4
41,23,15,30,45
29,27,2,14,28
27,28,13,31,42
27,18,8,37,20
16,18,15,35,26
23,39,37,36,49
14,13,4,24,21
35,49,18,20,31
42,47,28,27,12
2,25,43,16,33
7,34,42,11,17
3,43,48,37,49
41,1,30,38,31
3,19,10,44,41
5,19,21,32,29
24,45,14,25,42
29,6,9,17,28
12,41,38,1,31
43,40,2,38,23
44,26,41,15,37
6,5,17,42,30
19,4,20,29,49
21,6,45,34,38
29,9,26,36,42
49,13,6,25,47
15,43,1,24,8
37,44,14,12,28
12,8,11,35,33
34,10,22,36,9
48,10,49,1,39
9,31,24,34,23
22,2,3,42,36
14,28,37,41,6
43,7,5,10,13
36,30,33,31,24
31,17,2,24,29
45,41,37,35,18
46,2,30,43,14
22,39,31,37,29
14,26,4,23,36
5,39,32,42,20
17,12,36,35,43
4,49,38,29,40
49,5,19,18,38
14,16,2,12,42
47,14,42,40,29
29,49,38,25,41
35,43,37,24,38
32,8,3,13,37
44,30,26,48,41
35,19,37,22,16
16,11,29,15,46
12,46,40,8,19
41,3,8,9,44
4,24,29,47,30
12,18,30,25,47
3,38,4,49,12
43,6,30,47,45
22,32,42,8,29
44,35,49,15,29
45,41,12,26,19
12,10,22,37,41
38,41,39,2,10
39,8,22,46,23
45,22,37,15,6
49,1,34,28,31
4,46,8,29,40
35,32,29,7,34
14,30,48,8,49
46,33,30,19,3
42,20,2,35,49
15,28,43,41,5
30,20,29,10,27
10,43,21,25,45
10,37,28,15,2
44,1,49,38,20
43,6,10,30,39
41,9,43,48,36
45,41,5,17,33
15,36,38,30,2
31,16,33,17,1
33,15,23,28,39
13,21,25,20,41
4,20,13,10,32
20,19,40,39,27
43,10,20,9,17
48,49,3,1,20
28,47,41,22,21
26,15,10,4,30
35,11,49,7,48
30,39,3,14,8
49,2,35,1,36
35,31,26,34,28
48,9,18,43,3
32,16,8,23,34
17,11,27,48,23
14,46,5,30,36
44,47,20,30,29
40,3,22,4,28
3,45,47,13,27
44,21,29,9,25
36,14,9,1,20
27,41,38,26,2
13,40,24,17,45
40,49,34,27,4
21,29,7,37,19
49,9,28,24,35
17,16,14,1,11
14,31,46,25,4
41,12,33,9,16
18,17,27,35,40
36,44,21,13,5
19,6,34,49,42
25,4,18,7,35
43,19,30,39,40
23,18,7,2,21
20,15,27,13,34
18,5,33,2,23
20,29,21,33,7
37,8,49,31,45
31,32,12,28,48
46,43,41,37,34
30,26,44,27,49
20,48,34,39,4
31,36,4,22,18
34,35,23,16,6
19,10,26,21,22
32,46,6,8,13
23,47,41,42,15
43,13,10,20,38
27,11,16,3,8
10,14,43,32,47
43,37,20,10,18
49,26,28,31,11
43,49,40,48,44
18,44,2,47,49
5,34,47,12,20
18,47,49,32,17
22,1,44,9,26
41,18,13,14,29
23,47,16,48,35
28,16,39,23,3
27,13,19,40,23
24,23,30,6,18
40,14,46,27,7
27,24,37,46,1
34,45,18,44,24
48,29,2,36,9
32,18,17,6,29
13,32,12,28,33
14,39,24,49,47
10,19,47,35,33
30,40,13,21,26
1,43,24,15,27
28,9,37,41,46
29,15,1,12,30
24,19,10,28,15
13,4,21,43,23
20,22,46,40,9
14,45,29,12,41
17,42,44,27,16
41,28,17,4,33
26,29,9,35,38
16,49,10,38,25
44,31,26,1,13
34,31,25,46,22
23,18,10,6,3
16,44,2,10,35
7,28,27,23,33
6,16,31,26,40
1,40,17,43,42
42,14,15,13,3
10,38,20,4,13
42,22,47,16,38
25,40,30,36,6
4,44,32,22,14
26,9,45,31,43
7,17,29,26,21
22,33,31,41,15
24,45,19,1,46
22,40,23,37,9
3,18,13,43,28
36,32,11,46,25
34,4,5,9,21
13,41,34,21,15
16,28,36,24,43
25,32,4,8,41
25,7,13,9,8
45,14,1,42,43
1,5,43,41,22
1,32,8,15,24
21,3,9,27,10
8,44,29,43,45
42,3,36,28,49
21,41,32,38,37
29,23,22,13,1
8,6,36,4,34
31,41,32,14,13
25,11,7,33,3
36,27,8,39,47
47,27,5,24,46
40,24,22,13,43
5,4,23,30,41
40,38,32,4,31
11,3,30,29,32
47,13,30,9,18
5,37,16,42,3
7,24,18,34,5
22,9,42,15,32
47,34,45,35,10
5,37,45,38,21
43,36,8,22,3
41,35,47,26,22
16,2,28,40,14
9,26,8,48,46
3,8,40,39,32
40,18,39,24,17
49,9,35,23,1
49,41,8,9,40
48,41,37,32,43
6,25,21,5,33
43,33,36,12,2
37,6,15,21,17
6,46,47,11,1
28,16,37,19,2
16,5,41,11,36
32,35,19,23,43
45,32,19,49,36
2,38,43,14,3
3,30,10,29,39
27,9,38,18,20
22,40,21,12,45
26,25,12,49,8
11,7,43,45,14
5,34,42,16,10
28,14,39,12,38
23,42,11,31,13
40,9,22,13,45
6,41,28,16,34
28,6,7,32,2
19,12,28,29,45
40,47,38,11,21
18,41,39,21,37
20,49,14,26,4
27,19,5,26,28
8,33,22,45,19
5,26,30,15,37
42,36,1,20,25
43,16,4,6,30
35,40,6,46,15
12,1,32,42,31
41,40,28,21,36
17,20,15,5,4
19,41,5,22,33
18,8,5,21,38
30,26,48,32,1
44,32,25,47,27
20,32,9,23,1
33,4,12,49,18
7,16,48,15,10
18,11,41,45,17
6,7,39,38,14
2,48,16,7,41
44,33,5,1,13
21,2,48,41,10
35,8,6,25,2
46,19,33,1,48
18,37,17,14,30
38,42,1,22,40
10,1,42,40,35
43,1,37,47,2
7,20,35,37,30
33,3,47,29,20
35,25,18,8,39
4,42,29,45,14
30,29,17,13,19
1,29,45,6,16
39,37,34,26,6
20,22,44,41,11
1,16,20,32,26
36,23,45,28,24
34,29,41,37,18
24,18,19,33,10
36,46,38,8,30
36,31,1,37,33
46,45,8,30,18
43,4,39,40,27
45,33,20,24,6
17,14,2,8,34
21,34,27,25,29
33,34,19,40,36
19,36,20,40,2
16,12,45,34,11
27,15,16,4,42
4,2,48,12,33
35,28,46,14,18
36,46,29,3,28
38,44,20,29,33
7,38,16,36,47
42,48,32,12,16
39,33,12,30,9
20,40,30,16,6
13,18,8,24,15
7,12,4,13,18
46,48,14,21,35
44,32,8,14,23
40,3,35,42,47
5,11,20,22,10
25,32,35,17,36
33,49,44,8,25
9,12,40,23,14
21,35,19,15,33
24,32,22,4,17
1,26,18,20,12
16,31,6,46,15
9,7,14,27,38
11,21,39,17,6
10,26,45,15,28
34,29,45,1,9
6,2,44,43,12
2,11,21,1,36
41,30,17,26,16
35,26,45,4,40
6,15,24,38,26
49,18,28,24,43
35,13,7,6,23
22,23,35,3,5
25,24,44,11,1
49,6,25,17,42
46,16,20,41,8
26,3,2,33,14
40,23,30,2,33
49,1,9,14,25
39,11,5,29,41
39,12,38,11,26
40,25,2,3,46
43,33,32,26,41
30,22,5,35,17
4,11,38,28,21
19,5,41,15,24
45,33,16,40,3
24,39,11,6,43
44,22,33,27,17
28,31,23,41,8
4,34,40,35,36
35,44,29,37,10
27,37,19,36,44
12,32,29,7,38
48,28,9,17,30
16,8,17,48,31
34,7,43,33,44
31,21,37,10,28
31,37,24,39,14
44,8,24,25,26
13,35,30,44,12
36,2,7,25,39
5,31,21,37,38
23,37,8,14,9
39,16,19,29,12
29,5,24,19,10
21,26,37,16,35
32,22,17,43,19
38,39,3,17,1
32,38,26,4,23
20,40,46,3,44
13,15,3,35,32
19,33,29,32,17
27,41,23,25,4
14,4,38,34,25
21,30,8,7,6
34,41,48,23,45
37,15,9,28,13
42,7,36,13,40
3,34,2,17,13
47,27,25,23,9
4,5,20,7,17
32,27,8,13,11
23,29,40,49,15
26,49,45,3,16
13,5,43,25,15
48,13,15,24,23
6,13,40,45,15
7,41,31,32,4
12,21,39,11,27
17,26,39,19,9
1,48,13,6,5
22,16,11,37,14
28,24,3,42,9
38,16,32,12,29
45,20,21,26,46
23,43,22,41,33
9,18,3,45,28
19,6,38,8,37
15,29,42,1,33
36,18,37,42,45
47,16,10,43,27
26,10,9,30,34
21,47,24,49,33
29,25,14,41,10
17,11,41,9,24
37,5,1,49,12
10,20,18,24,32
16,5,46,33,38
13,12,34,41,40
8,16,44,7,49
49,4,40,11,22
28,36,42,26,44
47,1,45,9,30
18,38,5,22,30
25,40,21,34,6
43,18,17,14,46
47,36,42,30,45
6,8,42,27,7
2,13,19,41,5
19,34,26,27,4
39,48,19,46,14
25,42,1,36,45
23,5,2,47,4
40,3,7,33,25
34,33,18,6,30
45,33,7,6,34
41,31,40,11,48
38,29,20,40,28
18,39,2,23,34
11,49,36,9,19
35,7,32,38,22
22,23,45,42,9
27,6,16,24,46
35,30,10,37,7
13,48,40,6,37
30,33,22,29,26
45,31,15,32,48
30,46,47,6,45
33,21,37,22,31
4,47,21,44,36
45,7,11,37,23
3,17,31,5,2
5,12,32,7,47
47,1,2,34,24
5,10,25,19,49
16,27,39,29,32
26,24,11,33,41
37,19,32,36,20
36,16,4,20,47
22,47,45,24,28
28,24,36,45,27
39,25,16,6,11
19,25,12,45,44
16,34,28,4,11
35,15,48,44,9
18,21,19,5,28
10,43,6,4,46
6,41,16,1,3
8,6,27,37,33
29,40,39,46,21
25,45,20,6,48
19,46,17,3,43
34,16,21,2,40
27,14,37,9,33
15,11,9,22,36
29,23,41,16,5
19,16,46,13,38
29,2,41,47,10
30,24,5,40,17
28,25,24,14,41
34,14,11,24,41
19,10,32,20,13
7,23,11,39,44
41,49,1,35,16
16,35,37,3,19
39,32,24,13,27
27,1,47,30,39
16,44,25,26,24
34,2,40,29,41
21,18,47,10,7
42,29,38,12,46
41,18,40,1,21
17,23,37,44,25
49,5,34,27,41
16,25,14,7,17
17,21,43,37,15
32,1,49,12,38
19,28,43,3,25
9,22,43,34,15
37,8,1,26,10
34,27,22,18,37
28,5,22,25,13
20,29,26,11,8
18,32,40,7,8
9,13,2,29,10
14,13,18,33,22
45,26,33,27,11
25,26,42,12,2
13,24,2,15,19
49,25,12,16,4
7,1,10,45,44
32,35,42,11,1
12,7,10,34,47
29,49,34,26,25
33,45,17,30,11
35,6,38,4,13
29,4,6,39,7
17,16,14,32,36
40,31,38,23,28
22,3,1,44,40
26,25,4,28,32
3,32,6,19,37
22,44,40,5,41
23,20,30,21,36
15,38,41,45,26
5,30,17,1,44
13,40,37,17,39
2,15,7,46,6
13,45,1,42,12
22,41,5,1,11
27,11,40,10,13
41,12,6,47,27
36,33,15,41,47
37,5,7,16,38
14,31,1,39,27
33,48,20,8,3
20,6,16,4,29
13,25,14,18,20
21,23,12,24,13
38,42,35,43,40
26,9,34,39,22
9,30,13,17,5
30,42,38,15,41
27,47,40,41,29
19,1,35,49,3
37,45,23,19,7
11,23,48,24,42
21,49,22,15,31
26,11,3,22,43
6,34,22,20,19
36,26,18,41,32
21,13,26,46,12
21,10,37,8,11
35,26,29,3,38
39,22,32,18,4
48,22,10,2,37
44,15,20,30,29
33,9,34,45,24
41,3,48,31,18
34,5,3,20,24
2,21,13,1,16
1,22,45,40,3
49,27,15,29,19
26,14,31,33,2
46,19,45,42,47
36,40,27,38,11
33,23,3,19,39
16,25,1,26,2
15,20,45,17,4
36,14,49,29,13
48,8,18,13,11
8,14,43,37,48
10,28,4,11,15
32,14,49,23,13
13,7,31,36,43
48,25,16,46,14
2,40,4,44,37
6,39,31,22,16
31,30,28,34,17
2,24,3,39,27
14,27,11,17,35
45,41,33,8,23
8,7,19,4,27
43,33,39,11,31
34,31,9,3,35
49,48,5,17,47
11,36,10,22,31
23,9,22,24,36
11,12,46,32,36
27,19,12,37,15
15,49,24,13,29
38,32,10,17,9
16,5,49,43,2
22,40,1,35,32
23,12,47,15,18
2,23,8,30,48
39,44,48,20,25
36,23,1,31,17
21,9,33,13,42
39,36,29,47,38
1,38,19,49,29
9,7,44,36,23
34,15,26,25,32
1,6,12,10,8
10,23,2,43,34
3,36,30,16,24
32,35,17,28,2
39,41,16,31,36
36,43,42,23,28
7,10,28,11,12
27,42,33,45,37
42,23,13,35,26
41,9,37,38,34
42,14,21,33,48
48,29,1,25,16
14,43,26,30,28
32,35,31,48,8
43,47,38,36,30
31,6,49,34,26
29,2,42,49,4
11,24,1,15,2
47,31,16,3,39
39,16,6,10,21
46,33,31,49,18
45,37,22,33,34
37,41,27,17,12
25,43,18,22,3
44,48,13,33,12
17,8,23,12,37
18,47,11,2,30
38,2,13,32,20
2,38,44,35,42
24,13,47,37,21
12,17,46,42,38
35,6,2,3,20
15,18,17,5,31
45,44,32,29,6
38,35,23,3,44
14,13,18,4,48
13,37,27,5,39
12,9,20,30,25
15,47,16,45,3
31,44,21,30,22
20,2,7,42,27
40,28,27,12,4
25,38,14,32,15
16,42,36,3,8
11,44,33,4,49
36,4,41,33,40
40,20,46,19,16
13,1,27,48,35
15,40,1,23,2
14,42,5,16,11
13,45,18,32,30
15,1,28,24,10
13,40,41,3,12
7,17,22,10,23
42,41,7,13,47
7,42,39,9,5
46,30,12,3,10
27,21,19,13,45
3,36,47,4,17
40,36,38,44,17
21,40,49,31,22
8,49,29,45,3
23,3,8,4,1
3,13,4,41,5
28,4,27,29,38
18,12,1,26,30
17,13,15,4,39
20,4,19,17,5
32,37,43,10,25
8,41,20,46,12
6,11,7,5,4
38,22,3,11,41
43,32,18,13,46
26,45,18,23,6
19,5,38,47,26
27,35,42,18,37
4,46,41,12,16
7,43,23,48,47
15,4,31,45,44
9,33,10,24,3
14,46,31,25,37
49,11,26,1,7
38,11,37,1,18
43,5,14,20,12
39,43,10,17,6
33,21,26,28,22
27,2,23,8,36
9,12,43,46,33
47,41,9,37,36
22,3,18,17,28
39,32,44,37,5
20,16,40,11,24
10,30,45,22,13
35,4,27,15,3
30,45,32,25,26
14,22,47,20,21
2,5,3,1,43
14,45,34,27,38
15,29,38,19,33
27,15,35,5,14
27,23,16,17,47
41,43,9,11,46
38,31,35,42,3
45,14,26,28,38
13,48,3,26,22
42,28,37,38,3
44,29,11,7,13
25,23,4,1,40
8,49,42,9,2
5,26,14,28,23
18,2,21,34,10
40,21,28,32,8
15,41,18,17,33
6,10,22,7,21
17,35,24,47,6
38,6,33,43,23
13,47,22,3,32
6,20,31,22,41
12,19,1,32,44
12,23,37,13,10
5,24,7,46,35
15,23,27,43,29
15,10,16,46,43
17,26,34,4,30
13,4,24,21,10
28,23,3,40,31
26,10,11,23,1
23,20,32,7,14
32,38,36,34,27
15,34,22,33,16
9,43,3,29,15
7,38,23,9,17
11,45,44,27,31
20,22,40,2,3
20,49,40,17,31
35,24,10,26,48
5,2,33,21,28
36,20,21,9,46
25,2,49,32,1
44,35,32,8,33
31,35,40,9,48
13,38,2,45,4
15,31,41,27,43
6,8,49,35,25
31,22,37,6,1
27,6,44,23,22
20,10,13,43,3
14,33,44,31,12
23,45,6,48,17
3,39,6,48,9
13,27,6,31,8
36,4,12,13,1
48,49,36,24,21
26,43,6,36,29
41,40,30,28,17
35,33,40,37,11
47,34,12,30,31
27,47,4,5,32
34,37,10,18,30
43,49,46,34,11
47,15,46,29,11
30,44,42,39,13
16,30,29,7,10
8,18,36,1,29
32,23,9,6,13
35,41,40,11,22
37,6,16,28,4
6,14,49,40,9
38,3,9,11,28
19,15,44,4,24
13,30,33,25,36
33,12,24,7,15
34,14,32,31,46
15,23,16,41,30
9,43,15,44,10
32,20,22,47,14
4,21,17,23,26
27,12,11,29,1
30,38,4,9,46
33,47,14,20,17
5,17,25,38,29
47,48,20,39,16
35,6,9,14,47
24,19,35,7,42
46,33,15,6,49
17,24,28,1,15
38,35,4,22,14
32,13,15,46,3
4,36,40,10,41
47,49,9,16,14
13,24,33,18,11
1,31,38,26,29
37,22,46,13,1
33,22,9,44,25
9,20,35,4,1
17,43,23,2,26
33,6,43,25,37
7,46,31,29,9
35,13,16,41,7
41,32,33,25,26
15,1,23,22,46
42,5,12,29,21
37,38,2,14,17
1,37,25,45,17
7,43,33,11,1
40,1,30,8,38
33,39,25,43,8
36,41,45,13,7
24,47,21,44,13
29,22,17,19,43
11,42,9,49,15
20,39,33,21,16
22,49,28,3,16
13,16,18,20,19
39,49,23,19,36
49,41,9,28,16
8,44,14,48,29
49,43,46,27,23
13,22,40,28,31
21,27,9,49,11
7,22,8,26,5
7,15,18,8,25
43,6,46,27,5
32,8,46,22,9
16,32,44,38,37
2,25,44,28,8
25,37,7,10,47
4,42,37,23,43
18,43,16,7,33
43,45,21,3,9
27,24,16,10,47
32,28,47,20,22
48,30,5,26,11
47,11,15,24,38
27,32,12,42,30
20,47,49,26,31
39,33,43,22,31
10,46,2,33,28
14,44,28,18,17
41,49,42,19,12
47,16,11,37,7
16,27,41,1,35
45,35,24,37,48
21,23,19,36,49
40,48,15,9,3
15,48,23,49,45
30,43,48,24,15
14,48,44,24,20
29,48,42,28,26
37,43,31,45,22
43,11,14,23,17
46,49,32,5,33
33,21,49,26,46
47,3,35,22,6
8,35,29,12,3
2,48,40,46,17
24,12,17,38,30
9,27,26,29,36
32,31,44,27,9
28,22,27,14,23
41,4,35,33,10
16,29,31,39,1
10,30,18,27,4
8,11,12,26,48
39,28,3,42,6
34,49,9,25,38
29,24,4,46,7
17,34,27,3,41
24,26,35,9,1
44,22,17,38,2
24,42,16,9,32
9,12,29,2,21
4,36,11,31,46
33,13,49,36,22
28,11,2,33,43
17,18,36,21,47
35,39,20,48,42
46,28,21,39,49
2,44,41,34,46
43,42,9,21,46
28,9,35,8,42
44,34,25,47,29
15,36,28,49,2
46,1,24,18,9
18,15,1,4,38
32,37,16,6,8
36,13,44,1,48
23,11,43,49,10
5,18,26,9,36
17,37,23,25,2
19,11,8,48,49
13,40,2,10,35
45,2,1,27,31
41,48,18,11,24
34,49,36,39,23
23,40,26,22,29
48,39,24,8,15
1,7,38,3,14
6,45,19,12,11
36,13,24,7,42
16,37,18,5,34
44,48,7,30,13
29,1,39,40,18
44,26,18,21,47
10,15,43,45,5
6,8,31,45,36
24,39,2,13,48
13,37,48,45,28
8,7,22,28,38
21,38,32,3,33
31,4,14,37,7
24,20,31,36,6
35,4,14,23,46
19,49,31,44,38
33,21,41,18,32
43,5,23,49,17
21,39,5,2,15
23,12,15,27,46
7,6,41,25,16
24,44,18,17,15
38,42,28,3,27
40,15,16,6,9
39,15,23,49,30
46,8,26,13,38
4,30,13,18,39
1,31,11,22,23
20,42,43,33,19
28,22,7,16,39
10,47,20,28,21
12,43,7,23,27
35,37,41,15,39
14,33,39,15,11
13,12,3,37,30
20,33,46,40,12
24,20,22,19,1
20,32,36,19,27
39,16,47,28,24
41,47,22,17,7
3,2,29,48,1
1,41,13,3,18
33,18,19,22,23
17,34,23,40,9
23,39,36,27,30
8,11,7,37,30
49,47,42,1,3
39,28,15,38,27
10,49,26,15,1
4,31,11,3,6
12,49,8,20,16
6,35,36,42,24
38,7,48,43,28
3,38,1,23,16
4,1,21,12,46
21,12,20,11,32
47,15,49,7,9
33,35,40,5,2
30,20,16,3,44
2,37,43,21,25
24,42,4,47,5
3,4,38,46,7
12,27,38,33,19
40,7,21,25,30
9,18,43,32,22
41,11,4,29,7
1,12,23,22,7
8,21,4,31,39
1,37,17,44,20
17,5,12,6,15
16,13,1,5,20
34,7,27,23,19
44,31,7,38,14
22,18,33,28,11
31,21,8,27,29
35,42,7,33,28
2,9,17,14,25
1,41,32,24,27
6,33,17,34,39
5,22,31,2,24
41,20,16,38,2
40,10,29,20,43
9,38,18,26,49
44,10,18,45,22
16,25,14,35,3
18,47,7,13,48
27,40,3,14,33
24,35,45,28,17
27,23,44,34,5
44,14,26,34,9
4,1,23,14,25
26,2,20,34,18
14,17,35,5,42
16,4,10,6,5
12,31,32,44,45
39,4,8,43,27
34,5,28,13,29
35,43,9,28,10
13,4,3,41,6
17,21,22,16,4
36,17,42,28,41
26,27,49,21,33
3,27,41,8,37
49,11,41,21,40
39,16,46,28,24
45,42,27,49,48
31,29,41,25,22
32,46,13,33,15
46,21,32,26,14
18,26,47,24,35
30,25,34,14,10
7,48,5,3,23
46,40,6,3,25
38,13,33,3,25
35,28,15,3,23
49,26,35,34,28
1,2,26,44,7
38,36,49,39,12
15,27,48,9,34
45,28,22,30,20
48,36,13,20,44
33,1,23,12,46
7,15,11,5,23
4,30,29,26,15
9,37,21,34,4
34,23,49,9,20
2,31,49,33,43
11,34,38,43,12
31,20,45,12,32
23,43,37,12,39
20,24,30,11,9
21,5,2,23,19
46,33,10,34,7
43,33,48,31,28
37,41,27,8,45
37,27,30,22,45
32,47,45,29,24
19,26,23,22,27
10,34,15,33,5
1,25,10,2,33
45,32,15,2,39
42,3,39,20,34
27,45,35,36,44
27,18,20,11,38
4,7,11,22,8
27,32,5,40,3
36,15,24,2,22
7,9,29,25,10
41,29,14,48,8
45,14,41,25,16
15,4,21,30,36
3,14,34,31,22
47,21,48,39,40
28,40,10,23,43
46,23,29,21,16
12,24,18,44,16
35,46,10,1,14
17,13,31,3,46
4,16,34,22,49
20,43,47,27,10
4,38,12,31,41
6,31,40,18,36
40,7,41,38,46
39,8,13,49,10
5,40,15,20,28
32,47,10,35,3
39,38,7,32,26
2,46,27,37,5
5,42,1,19,13
47,11,29,4,9
49,40,21,10,44
37,39,9,33,11
8,29,36,25,11
47,22,24,12,38
11,5,20,30,24
26,38,14,21,27
36,47,17,49,37
33,27,2,41,4
5,27,2,35,48
41,46,2,22,26
49,44,31,13,33
48,5,15,2,27
24,38,8,42,31
41,38,10,35,11
29,15,1,31,11
48,2,5,13,24
26,29,34,42,31
32,15,19,37,38
18,36,20,32,22
49,11,13,25,28
43,36,31,30,17
45,12,30,36,20
34,26,37,41,2
1,6,19,23,41
41,10,48,43,22
45,35,34,40,23
12,9,21,45,38
25,35,33,5,22
47,4,38,15,8
26,2,23,20,24
22,4,27,36,45
43,28,22,41,49
46,37,44,4,6
13,11,22,46,19
11,28,12,48,14
43,7,48,31,15
44,35,4,32,39
49,28,18,20,40
11,10,41,37,48
46,22,10,39,20
24,48,32,41,22
19,33,41,24,27
